{
  "name": "Sangonomiya Kokomi",
  "version": "1.0",
  "description": "荒れ狂いなさい！",
  "includes": {
    
    "_README": "You can include any amount of CSS and JS files here. Paths are relative to the theme directory.",

    "css": ["/index.css"],
    "js": ["/index.js"]
  },

  "_README": "These are optional. Including neither will result in the launcher simply using the default background choice.",

  "customBackgroundPath": "/background/Kokomi_resize.jpg",
  "customBackgroundURL": ""
}